<BackupInst xmlns="http://www.microsoft.com/GroupPolicy/GPOOperations/Manifest"><GPOGuid><![CDATA[{A5D4B4CA-580C-437E-A9FF-666B4C46153D}]]></GPOGuid><GPODomain><![CDATA[red.local]]></GPODomain><GPODomainGuid><![CDATA[{8b1db099-ad72-4117-88e9-18ab3cf4d5d6}]]></GPODomainGuid><GPODomainController><![CDATA[ns1.red.local]]></GPODomainController><BackupTime><![CDATA[2017-10-29T11:00:49]]></BackupTime><ID><![CDATA[{C1C534A3-1039-42B5-9C3A-CBFBD710B182}]]></ID><Comment><![CDATA[]]></Comment><GPODisplayName><![CDATA[Control Panel / Game Link Verbieden]]></GPODisplayName></BackupInst>
