<BackupInst xmlns="http://www.microsoft.com/GroupPolicy/GPOOperations/Manifest"><GPOGuid><![CDATA[{6101622B-4C59-4363-B3BD-C4C7CFFDED1B}]]></GPOGuid><GPODomain><![CDATA[red.local]]></GPODomain><GPODomainGuid><![CDATA[{4ffc4be4-f25b-447d-b94a-13cd04820d5e}]]></GPODomainGuid><GPODomainController><![CDATA[ns1.red.local]]></GPODomainController><BackupTime><![CDATA[2017-11-06T15:50:15]]></BackupTime><ID><![CDATA[{09068053-EC76-4B2A-B9FE-0BC6DD0290D1}]]></ID><Comment><![CDATA[]]></Comment><GPODisplayName><![CDATA[SQL poorten voor SCCM2012R2]]></GPODisplayName></BackupInst>
