<BackupInst xmlns="http://www.microsoft.com/GroupPolicy/GPOOperations/Manifest"><GPOGuid><![CDATA[{4AEEC60C-04F9-4B6D-9C64-91BCA9C73B4C}]]></GPOGuid><GPODomain><![CDATA[red.local]]></GPODomain><GPODomainGuid><![CDATA[{8b1db099-ad72-4117-88e9-18ab3cf4d5d6}]]></GPODomainGuid><GPODomainController><![CDATA[ns1.red.local]]></GPODomainController><BackupTime><![CDATA[2017-10-29T11:00:33]]></BackupTime><ID><![CDATA[{058EA888-9327-48D6-98A4-DCA8FF5ACC64}]]></ID><Comment><![CDATA[]]></Comment><GPODisplayName><![CDATA[NetwerkAdapter Verbieden]]></GPODisplayName></BackupInst>
